{
  "items": [
    {
      "name": "Airbrake",
      "files": [
        "airbrake.svg"
      ],
      "shortname": "airbrake",
      "url": "https://airbrake.io/",
      "tags": [
        "log manager",
        "server monitoring"
      ],
      "categories": [
        "developers",
        "DevOps"
      ]
    },
    {
      "name": "Angular",
      "files": [
        "angular-icon.svg",
        "angular.svg"
      ],
      "shortname": "angular",
      "url": "https://angularjs.org/",
      "tags": [
        "javascript",
        "framework",
        "front-end"
      ],
      "categories": [
        "developers"
      ]
    },
    {
      "name": "Ansible",
      "files": [
        "ansible.svg"
      ],
      "shortname": "ansible",
      "url": "http://www.ansible.com/",
      "tags": [
        "configuration management",
        "python"
      ],
      "categories": [
        "developers",
        "DevOps"
      ]
    },
    {
      "name": "Apache",
      "files": [
        "apache.svg"
      ],
      "shortname": "apache",
      "url": "http://www.apache.org/",
      "tags": [
        "web server"
      ],
      "categories": [
        "developers"
      ]
    },
    {
      "name": "Apache CloudStack",
      "files": [
        "apache_cloudstack.svg"
      ],
      "shortname": "apache_cloudstack",
      "url": "https://cloudstack.apache.org/",
      "tags": [
        "cloud computing",
        "IaaS"
      ],
      "categories": [
        "developers",
        "DevOps"
      ]
    },
    {
      "name": "Apiary",
      "files": [
        "apiary.svg"
      ],
      "shortname": "apiary",
      "url": "https://apiary.io/",
      "tags": [
        "documentation",
        "api"
      ],
      "categories": [
        "developers"
      ]
    },
    {
      "name": "Appcelerator",
      "files": [
        "appcelerator.svg"
      ],
      "shortname": "appcelerator",
      "url": "http://www.appcelerator.com/",
      "tags": [
        "mBaaS"
      ],
      "categories": [
        "developers",
        "DevOps"
      ]
    },
    {
      "name": "AppSignal",
      "files": [
        "appsignal.svg"
      ],
      "shortname": "appsignal",
      "url": "https://appsignal.com/",
      "tags": [
        "software analytics"
      ],
      "categories": [
        "developers",
        "DevOps"
      ]
    },
    {
      "name": "ArangoDB",
      "files": [
        "arangodb.svg"
      ],
      "shortname": "arangodb",
      "url": "https://www.arangodb.com/",
      "tags": [
        "database",
        "nosql",
        "graph database"
      ],
      "categories": [
        "developers"
      ]
    },
    {
      "name": "Arduino",
      "files": [
        "arduino.svg"
      ],
      "shortname": "arduino",
      "url": "https://www.arduino.cc/",
      "tags": [
        "hardware"
      ],
      "categories": [
        "hackers"
      ]
    },
    {
      "name": "Asana",
      "files": [
        "asana.svg"
      ],
      "shortname": "asana",
      "url": "https://asana.com/",
      "tags": [
        "team collaboration"
      ],
      "categories": [
        "teams"
      ]
    },
    {
      "name": "Atom",
      "files": [
        "atom.svg"
      ],
      "shortname": "atom",
      "url": "https://atom.io/",
      "tags": [
        "code editor",
        "node.js"
      ],
      "categories": [
        "developers"
      ]
    },
    {
      "name": "Auth0",
      "files": [
        "auth0.svg"
      ],
      "shortname": "auth0",
      "url": "https://auth0.com/",
      "tags": [
        "authentication",
        "security"
      ],
      "categories": [
        "developers"
      ]
    },
    {
      "name": "Autoprefixer",
      "files": [
        "autoprefixer.svg"
      ],
      "shortname": "autoprefixer",
      "url": "https://github.com/postcss/autoprefixer",
      "tags": [
        "css",
        "postprocessor"
      ],
      "categories": [
        "developers"
      ]
    },
    {
      "name": "Awesome",
      "files": [
        "awesome.svg"
      ],
      "shortname": "awesome",
      "url": "https://github.com/sindresorhus/awesome",
      "tags": [
        "reference"
      ],
      "categories": [
        "developers"
      ]
    },
    {
      "name": "AWS",
      "files": [
        "aws.svg"
      ],
      "shortname": "aws",
      "url": "http://aws.amazon.com/",
      "tags": [
        "cloud computing",
        "code deployment",
        "content delivery",
        "IaaS"
      ],
      "categories": [
        "developers",
        "DevOps"
      ]
    },
    {
      "name": "Babel",
      "files": [
        "babel.svg"
      ],
      "shortname": "babel",
      "url": "https://babeljs.io/",
      "tags": [
        "javascript",
        "compiler",
        "postprocessor"
      ],
      "categories": [
        "developers"
      ]
    },
    {
      "name": "Backbone",
      "files": [
        "backbone-icon.svg",
        "backbone.svg"
      ],
      "shortname": "backbone",
      "url": "http://backbonejs.org/",
      "tags": [
        "javascript",
        "framework",
        "front-end"
      ],
      "categories": [
        "developers"
      ]
    },
    {
      "name": "Basecamp",
      "files": [
        "basecamp.svg"
      ],
      "shortname": "basecamp",
      "url": "https://basecamp.com/",
      "tags": [
        "project manager"
      ],
      "categories": [
        "developers"
      ]
    },
    {
      "name": "Bash",
      "files": [
        "bash.svg"
      ],
      "shortname": "bash",
      "url": "https://www.gnu.org/software/bash/",
      "tags": [
        "unix shell",
        "cli"
      ],
      "categories": [
        "developers"
      ]
    },
    {
      "name": "Bem",
      "files": [
        "bem.svg"
      ],
      "shortname": "bem",
      "url": "https://en.bem.info/",
      "tags": [
        "css",
        "methodology"
      ],
      "categories": [
        "developers"
      ]
    },
    {
      "name": "Bitbucket",
      "files": [
        "bitbucket.svg"
      ],
      "shortname": "bitbucket",
      "url": "https://bitbucket.org/",
      "tags": [
        "git",
        "mercurial",
        "code management"
      ],
      "categories": [
        "developers"
      ]
    },
    {
      "name": "Bitrise",
      "files": [
        "bitrise.svg"
      ],
      "shortname": "bitrise",
      "url": "https://www.bitrise.io/",
      "tags": [
        "continuous integration",
        "ios"
      ],
      "categories": [
        "developers"
      ]
    },
    {
      "name": "Blocs",
      "files": [
        "blocs.svg"
      ],
      "shortname": "blocs",
      "url": "http://blocsapp.com/",
      "tags": [
        "prototyping",
        "layout"
      ],
      "categories": [
        "designers"
      ],
      "converted": true
    },
    {
      "name": "Blossom",
      "files": [
        "blossom.svg"
      ],
      "shortname": "blossom",
      "url": "https://www.blossom.co/",
      "tags": [
        "project manager",
        "agile"
      ],
      "categories": [
        "developers"
      ]
    },
    {
      "name": "Bootstrap",
      "files": [
        "bootstrap.svg"
      ],
      "shortname": "bootstrap",
      "url": "http://getbootstrap.com/",
      "tags": [
        "css",
        "sass",
        "framework",
        "ui"
      ],
      "categories": [
        "developers"
      ],
      "converted": true
    },
    {
      "name": "bourbon",
      "files": [
        "bourbon.svg"
      ],
      "shortname": "bourbon",
      "url": "http://bourbon.io/",
      "tags": [
        "sass",
        "library"
      ],
      "categories": [
        "developers"
      ]
    },
    {
      "name": "Bower",
      "files": [
        "bower.svg"
      ],
      "shortname": "bower",
      "url": "http://bower.io/",
      "tags": [
        "package manager",
        "javascript",
        "css",
        "front-end"
      ],
      "categories": [
        "developers"
      ]
    },
    {
      "name": "Brackets",
      "files": [
        "brackets.svg"
      ],
      "shortname": "brackets",
      "url": "http://brackets.io/",
      "tags": [
        "code editor"
      ],
      "categories": [
        "developers"
      ]
    },
    {
      "name": "Brandfolder",
      "files": [
        "brandfolder.svg"
      ],
      "shortname": "brandfolder",
      "url": "http://brandfolder.com/",
      "tags": [
        "asset manager"
      ],
      "categories": [
        "developers"
      ]
    },
    {
      "name": "Browserify",
      "files": [
        "browserify-icon.svg",
        "browserify.svg"
      ],
      "shortname": "browserify",
      "url": "http://browserify.org/",
      "tags": [
        "javascript",
        "node.js",
        "tool",
        "front-end"
      ],
      "categories": [
        "developers"
      ]
    },
    {
      "name": "BrowserStack",
      "files": [
        "browserstack.svg"
      ],
      "shortname": "browserstack",
      "url": "https://www.browserstack.com/",
      "tags": [
        "cross browser testing",
        "testing"
      ],
      "categories": [
        "developers"
      ]
    },
    {
      "name": "C",
      "files": [
        "c.svg"
      ],
      "shortname": "c",
      "url": "https://en.wikipedia.org/wiki/C_(programming_language)",
      "tags": [
        "language"
      ],
      "categories": [
        "developers"
      ]
    },
    {
      "name": "C++",
      "files": [
        "c++.svg"
      ],
      "shortname": "c++",
      "url": "https://isocpp.org/",
      "tags": [
        "language"
      ],
      "categories": [
        "developers"
      ]
    },
    {
      "name": "Campaign Monitor",
      "files": [
        "campaignmonitor.svg"
      ],
      "shortname": "campaignmonitor",
      "url": "https://www.campaignmonitor.com/",
      "tags": [
        "email marketing"
      ],
      "categories": [
        "developers"
      ]
    },
    {
      "name": "Campfire",
      "files": [
        "campfire.svg"
      ],
      "shortname": "campfire",
      "url": "https://campfirenow.com/",
      "tags": [
        "team collaboration"
      ],
      "categories": [
        "teams"
      ]
    },
    {
      "name": "CanJS",
      "files": [
        "canjs.svg"
      ],
      "shortname": "canjs",
      "url": "http://canjs.com/",
      "tags": [
        "javascript",
        "framework",
        "front-end"
      ],
      "categories": [
        "developers"
      ]
    },
    {
      "name": "Capistrano",
      "files": [
        "capistrano.svg"
      ],
      "shortname": "capistrano",
      "url": "http://capistranorb.com/",
      "tags": [
        "automation tool"
      ],
      "categories": [
        "developers",
        "DevOps"
      ]
    },
    {
      "name": "Cassandra",
      "files": [
        "cassandra.svg"
      ],
      "shortname": "cassandra",
      "url": "http://cassandra.apache.org/",
      "tags": [
        "database",
        "nosql",
        "storage"
      ],
      "categories": [
        "developers"
      ]
    },
    {
      "name": "Celluloid",
      "files": [
        "celluloid.svg"
      ],
      "shortname": "celluloid",
      "url": "https://celluloid.io/",
      "tags": [
        "ruby",
        "framework"
      ],
      "categories": [
        "developers"
      ]
    },
    {
      "name": "Code Climate",
      "files": [
        "codeclimate.svg"
      ],
      "shortname": "codeclimate",
      "url": "https://codeclimate.com/",
      "tags": [
        "static analysis"
      ],
      "categories": [
        "developers",
        "DevOps"
      ]
    },
    {
      "name": "Codecov",
      "files": [
        "codecov.svg"
      ],
      "shortname": "codecov",
      "url": "http://codecov.io/",
      "tags": [
        "code coverage"
      ],
      "categories": [
        "developers"
      ]
    },
    {
      "name": "Chai",
      "files": [
        "chai.svg"
      ],
      "shortname": "chai",
      "url": "http://chaijs.com/",
      "tags": [
        "bdd",
        "tdd",
        "testing",
        "assertion",
        "mocha"
      ],
      "categories": [
        "developers"
      ],
      "converted": true
    },
    {
      "name": "Chalk",
      "files": [
        "chalk.svg"
      ],
      "shortname": "chalk",
      "url": "https://github.com/chalk/chalk",
      "tags": [
        "string styling"
      ],
      "categories": [
        "developers"
      ]
    },
    {
      "name": "Chef",
      "files": [
        "chef.svg"
      ],
      "shortname": "chef",
      "url": "https://www.chef.io/",
      "tags": [
        "configuration management",
        "code deployment",
        "IaaS",
        "ruby"
      ],
      "categories": [
        "developers",
        "DevOps"
      ]
    },
    {
      "name": "Chrome",
      "files": [
        "chrome.svg"
      ],
      "shortname": "chrome",
      "url": "http://www.google.com/chrome/",
      "tags": [
        "browser"
      ],
      "categories": [
        "everybody"
      ]
    },
    {
      "name": "CircleCI",
      "files": [
        "circleci.svg"
      ],
      "shortname": "circleci",
      "url": "https://circleci.com/",
      "tags": [
        "continuous integration"
      ],
      "categories": [
        "developers"
      ]
    },
    {
      "name": "Clojure",
      "files": [
        "clojure.svg"
      ],
      "shortname": "clojure",
      "url": "http://clojure.org/",
      "tags": [
        "lisp",
        "dialect"
      ],
      "categories": [
        "developers"
      ]
    },
    {
      "name": "ClojureScript",
      "files": [
        "cljs.svg"
      ],
      "shortname": "cljs",
      "url": "http://cljs.info/",
      "tags": [
        "clojure",
        "javascript"
      ],
      "categories": [
        "developers"
      ]
    },
    {
      "name": "CocoaPods",
      "files": [
        "cocoapods.svg"
      ],
      "shortname": "cocoapods",
      "url": "https://cocoapods.org/",
      "tags": [
        "package manager",
        "swift",
        "objective c"
      ],
      "categories": [
        "developers"
      ]
    },
    {
      "name": "Codebase",
      "files": [
        "codebase.svg"
      ],
      "shortname": "codebase",
      "url": "https://www.codebasehq.com/",
      "tags": [
        "git",
        "mercurial",
        "subversion",
        "code management",
        "issue tracker"
      ],
      "categories": [
        "developers"
      ]
    },
    {
      "name": "CodeIgniter",
      "files": [
        "codeigniter.svg"
      ],
      "shortname": "codeigniter",
      "url": "http://www.codeigniter.com/",
      "tags": [
        "php",
        "framework"
      ],
      "categories": [
        "developers"
      ]
    },
    {
      "name": "Codepen",
      "files": [
        "codepen-icon.svg",
        "codepen.svg"
      ],
      "shortname": "codepen",
      "url": "http://codepen.io/",
      "tags": [
        "code playground",
        "code editor",
        "service"
      ],
      "categories": [
        "developers"
      ]
    },
    {
      "name": "Codeship",
      "files": [
        "codeship.svg"
      ],
      "shortname": "codeship",
      "url": "https://codeship.com/",
      "tags": [
        "code deployment",
        "continuous integration"
      ],
      "categories": [
        "developers"
      ],
      "converted": true
    },
    {
      "name": "Codrops",
      "files": [
        "codrops.svg"
      ],
      "shortname": "codrops",
      "url": "http://tympanus.net/codrops/",
      "tags": [
        "tutorials",
        "blog",
        "reference"
      ],
      "categories": [
        "developers"
      ],
      "converted": true
    },
    {
      "name": "CoffeeScript",
      "files": [
        "coffeescript.svg"
      ],
      "shortname": "coffeescript",
      "url": "http://coffeescript.org/",
      "tags": [
        "language",
        "javascript"
      ],
      "categories": [
        "developers"
      ]
    },
    {
      "name": "Compass",
      "files": [
        "compass.svg"
      ],
      "shortname": "compass",
      "url": "http://compass-style.org/",
      "tags": [
        "css",
        "sass",
        "framework"
      ],
      "categories": [
        "developers"
      ],
      "converted": true
    },
    {
      "name": "Component",
      "files": [
        "component.svg"
      ],
      "shortname": "component",
      "url": "https://github.com/componentjs/component",
      "tags": [
        "javascript",
        "package manager"
      ],
      "categories": [
        "developers"
      ],
      "converted": true
    },
    {
      "name": "Cordova",
      "files": [
        "cordova.svg"
      ],
      "shortname": "cordova",
      "url": "https://cordova.apache.org/",
      "tags": [
        "javascript",
        "mobile app framework"
      ],
      "categories": [
        "developers"
      ],
      "converted": true
    },
    {
      "name": "CouchDB",
      "files": [
        "couchdb.svg"
      ],
      "shortname": "couchdb",
      "url": "http://couchdb.apache.org/",
      "tags": [
        "database",
        "nosql"
      ],
      "categories": [
        "developers"
      ]
    },
    {
      "name": "Coveralls",
      "files": [
        "coveralls.svg"
      ],
      "shortname": "coveralls",
      "url": "https://coveralls.io/",
      "tags": [
        "code coverage"
      ],
      "categories": [
        "developers"
      ]
    },
    {
      "name": "CreateJS",
      "files": [
        "createjs.svg"
      ],
      "shortname": "createjs",
      "url": "http://www.createjs.com/",
      "tags": [
        "javascript",
        "library"
      ],
      "categories": [
        "developers"
      ]
    },
    {
      "name": "Cross Browser Testing",
      "files": [
        "crossbrowsertesting.svg"
      ],
      "shortname": "crossbrowsertesting",
      "url": "http://crossbrowsertesting.com/",
      "tags": [
        "cross browser testing",
        "testing"
      ],
      "categories": [
        "developers"
      ]
    },
    {
      "name": "CSS3",
      "files": [
        "css-3.svg"
      ],
      "shortname": "css-3",
      "url": "http://www.w3.org/TR/CSS/",
      "tags": [
        "language"
      ],
      "categories": [
        "developers"
      ]
    },
    {
      "name": "cssnext",
      "files": [
        "cssnext.svg"
      ],
      "shortname": "cssnext",
      "url": "http://cssnext.io/",
      "tags": [
        "css",
        "polyfill",
        "transformer"
      ],
      "categories": [
        "developers"
      ]
    },
    {
      "name": "D3",
      "files": [
        "d3.svg"
      ],
      "shortname": "d3",
      "url": "http://d3js.org/",
      "tags": [
        "javascript",
        "library",
        "data visualization",
        "svg"
      ],
      "categories": [
        "developers"
      ]
    },
    {
      "name": "Dart",
      "files": [
        "dart.svg"
      ],
      "shortname": "dart",
      "url": "https://www.dartlang.org/",
      "tags": [
        "language"
      ],
      "categories": [
        "developers"
      ]
    },
    {
      "name": "DeliciousDB",
      "files": [
        "delicious-burger.svg"
      ],
      "shortname": "deliciousdb",
      "url": "http://deliciousdb.com/",
      "tags": [
        "database",
        "sql",
        "nosql"
      ],
      "categories": [
        "developers"
      ]
    },
    {
      "name": "Deploy",
      "files": [
        "deploy.svg"
      ],
      "shortname": "deploy",
      "url": "https://www.deployhq.com/",
      "tags": [
        "code deployment"
      ],
      "categories": [
        "developers"
      ]
    },
    {
      "name": "Designer News",
      "files": [
        "designernews.svg"
      ],
      "shortname": "designernews",
      "url": "https://www.designernews.co/",
      "tags": [
        "social news"
      ],
      "categories": [
        "developers"
      ]
    },
    {
      "name": "DigitalOcean",
      "files": [
        "digitalocean.svg"
      ],
      "shortname": "digitalocean",
      "url": "https://www.digitalocean.com/",
      "tags": [
        "cloud computing",
        "IaaS"
      ],
      "categories": [
        "developers",
        "DevOps"
      ]
    },
    {
      "name": "distelli",
      "files": [
        "distelli.svg"
      ],
      "shortname": "distelli",
      "url": "http://distelli.com/",
      "tags": [
        "code deployment"
      ],
      "categories": [
        "developers"
      ],
      "converted": true
    },
    {
      "name": "Divshot",
      "files": [
        "divshot.svg"
      ],
      "shortname": "divshot",
      "url": "https://divshot.com/",
      "tags": [
        "code hosting",
        "prototyping"
      ],
      "categories": [
        "developers"
      ]
    },
    {
      "name": "Django",
      "files": [
        "django.svg"
      ],
      "shortname": "django",
      "url": "https://www.djangoproject.com/",
      "tags": [
        "python",
        "framework",
        "web application framework"
      ],
      "categories": [
        "developers"
      ]
    },
    {
      "name": "docker",
      "files": [
        "docker.svg"
      ],
      "shortname": "docker",
      "url": "https://www.docker.com/",
      "tags": [
        "code deployment",
        "container",
        "IaaS"
      ],
      "categories": [
        "developers",
        "DevOps"
      ]
    },
    {
      "name": "Dojo Toolkit",
      "files": [
        "dojo.svg"
      ],
      "shortname": "dojo",
      "url": "https://dojotoolkit.org/",
      "tags": [
        "javascript",
        "library"
      ],
      "categories": [
        "developers"
      ],
      "converted": true
    },
    {
      "name": "dotCloud",
      "files": [
        "dotcloud.svg"
      ],
      "shortname": "dotcloud",
      "url": "https://www.dotcloud.com/",
      "tags": [
        "cloud platform",
        "PaaS"
      ],
      "categories": [
        "developers",
        "DevOps"
      ]
    },
    {
      "name": ".NET",
      "files": [
        "dotnet.svg"
      ],
      "shortname": ".net",
      "url": "http://www.microsoft.com/net",
      "tags": [
        "framework"
      ],
      "categories": [
        "developers"
      ]
    },
    {
      "name": "Drone",
      "files": [
        "drone.svg"
      ],
      "shortname": "drone",
      "url": "https://drone.io/",
      "tags": [
        "continuous integration"
      ],
      "categories": [
        "developers"
      ],
      "converted": true
    },
    {
      "name": "Dropzone",
      "files": [
        "dropzone.svg"
      ],
      "shortname": "dropzone",
      "url": "http://www.dropzonejs.com/",
      "tags": [
        "javascript",
        "library"
      ],
      "categories": [
        "developers"
      ]
    },
    {
      "name": "Drupal",
      "files": [
        "drupal.svg"
      ],
      "shortname": "drupal",
      "url": "https://www.drupal.org/",
      "tags": [
        "php",
        "content management"
      ],
      "categories": [
        "developers"
      ]
    },
    {
      "name": "Eclipse",
      "files": [
        "eclipse.svg"
      ],
      "shortname": "eclipse",
      "url": "https://eclipse.org/",
      "tags": [
        "code editor",
        "IDE"
      ],
      "categories": [
        "developers"
      ]
    },
    {
      "name": "Elasticsearch",
      "files": [
        "elasticsearch.svg"
      ],
      "shortname": "elasticsearch",
      "url": "https://www.elastic.co/products/elasticsearch",
      "tags": [
        "search server",
        "lucene"
      ],
      "categories": [
        "developers"
      ]
    },
    {
      "name": "Electron",
      "files": [
        "electron.svg"
      ],
      "shortname": "electron",
      "url": "http://electron.atom.io/",
      "tags": [
        "desktop app framework"
      ],
      "categories": [
        "developers"
      ]
    },
    {
      "name": "Ember",
      "files": [
        "ember-tomster.svg",
        "ember.svg"
      ],
      "shortname": "ember",
      "url": "http://emberjs.com/",
      "tags": [
        "javascript",
        "framework",
        "front-end"
      ],
      "categories": [
        "developers"
      ]
    },
    {
      "name": "Emmet",
      "files": [
        "emmet.svg"
      ],
      "shortname": "emmet",
      "url": "http://emmet.io/",
      "tags": [
        "content assist",
        "html",
        "css"
      ],
      "categories": [
        "developers"
      ]
    },
    {
      "name": "Engine Yard",
      "files": [
        "engine-yard.svg"
      ],
      "shortname": "engine-yard",
      "url": "https://www.engineyard.com/",
      "tags": [
        "code deployment",
        "code management",
        "PaaS"
      ],
      "categories": [
        "developers",
        "DevOps"
      ]
    },
    {
      "name": "Enyo",
      "files": [
        "enyo.svg"
      ],
      "shortname": "enyo",
      "url": "http://enyojs.com/",
      "tags": [
        "javascript",
        "framework",
        "front-end"
      ],
      "categories": [
        "developers"
      ],
      "converted": true
    },
    {
      "name": "Erlang",
      "files": [
        "erlang.svg"
      ],
      "shortname": "erlang",
      "url": "http://www.erlang.org/",
      "tags": [
        "language"
      ],
      "categories": [
        "developers"
      ]
    },
    {
      "name": "ES6",
      "files": [
        "es6.svg"
      ],
      "shortname": "es6",
      "url": "http://www.ecmascript.org/",
      "tags": [
        "language"
      ],
      "categories": [
        "developers"
      ]
    },
    {
      "name": "Eslint",
      "files": [
        "eslint.svg"
      ],
      "shortname": "eslint",
      "url": "http://eslint.org/",
      "tags": [
        "javascript",
        "linter"
      ],
      "categories": [
        "developers"
      ]
    },
    {
      "name": "EventSentry",
      "files": [
        "eventsentry.svg"
      ],
      "shortname": "eventsentry",
      "url": "http://www.eventsentry.com/",
      "tags": [
        "log manager",
        "server monitoring"
      ],
      "categories": [
        "developers",
        "DevOps"
      ],
      "converted": true
    },
    {
      "name": "Express",
      "files": [
        "express.svg"
      ],
      "shortname": "express",
      "url": "http://expressjs.com/",
      "tags": [
        "node.js",
        "web server"
      ],
      "categories": [
        "developers"
      ]
    },
    {
      "name": "F#",
      "files": [
        "fsharp.svg"
      ],
      "shortname": "fsharp",
      "url": "http://fsharp.org/",
      "tags": [
        "language"
      ],
      "categories": [
        "developers"
      ]
    },
    {
      "name": "Famo.us",
      "files": [
        "famous.svg"
      ],
      "shortname": "famous",
      "url": "http://famous.org/",
      "tags": [
        "javascript",
        "library",
        "animation"
      ],
      "categories": [
        "developers"
      ]
    },
    {
      "name": "Firebase",
      "files": [
        "firebase.svg"
      ],
      "shortname": "firebase",
      "url": "https://www.firebase.com/",
      "tags": [
        "database",
        "cloud computing",
        "BaaS"
      ],
      "categories": [
        "developers"
      ],
      "converted": true
    },
    {
      "name": "Firefox",
      "files": [
        "firefox.svg"
      ],
      "shortname": "firefox",
      "url": "https://firefox.com/",
      "tags": [
        "browser"
      ],
      "categories": [
        "everybody"
      ]
    },
    {
      "name": "Flask",
      "files": [
        "flask.svg"
      ],
      "shortname": "flask",
      "url": "http://flask.pocoo.org/",
      "tags": [
        "python",
        "web framework"
      ],
      "categories": [
        "developers"
      ]
    },
    {
      "name": "flexible.gs",
      "files": [
        "flexible-gs.svg"
      ],
      "shortname": "flexible-gs",
      "url": "http://flexible.gs/",
      "tags": [
        "css",
        "grid",
        "framework",
        "ui"
      ],
      "categories": [
        "developers"
      ]
    },
    {
      "name": "Flight",
      "files": [
        "flight.svg"
      ],
      "shortname": "flight",
      "url": "https://flightjs.github.io/",
      "tags": [
        "javascript",
        "framework",
        "front-end"
      ],
      "categories": [
        "developers"
      ],
      "converted": true
    },
    {
      "name": "Flow",
      "files": [
        "flow.svg"
      ],
      "shortname": "flow",
      "url": "http://flowtype.org/",
      "tags": [
        "static type checker",
        "javascript",
        "cli"
      ],
      "categories": [
        "developers"
      ],
      "converted": true
    },
    {
      "name": "Flux",
      "files": [
        "flux.svg"
      ],
      "shortname": "flux",
      "url": "https://facebook.github.io/flux/",
      "tags": [
        "javascript",
        "architecture"
      ],
      "categories": [
        "developers"
      ]
    },
    {
      "name": "Forever",
      "files": [
        "forever.svg"
      ],
      "shortname": "forever",
      "url": "https://github.com/foreverjs/forever",
      "tags": [
        "node.js",
        "script runner",
        "cli"
      ],
      "categories": [
        "developers"
      ]
    },
    {
      "name": "Foundation",
      "files": [
        "foundation.svg"
      ],
      "shortname": "foundation",
      "url": "http://foundation.zurb.com/",
      "tags": [
        "css",
        "sass",
        "framework",
        "ui"
      ],
      "categories": [
        "developers"
      ]
    },
    {
      "name": "Framed",
      "files": [
        "framed.svg"
      ],
      "shortname": "framed.svg",
      "url": "http://framed.io/",
      "tags": [
        "customer data analytics"
      ],
      "categories": [
        "developers"
      ],
      "converted": true
    },
    {
      "name": "freedcamp",
      "files": [
        "freedcamp.svg"
      ],
      "shortname": "freedcamp",
      "url": "https://freedcamp.com/",
      "tags": [
        "project manager"
      ],
      "categories": [
        "developers"
      ]
    },
    {
      "name": "Ghost",
      "files": [
        "ghost.svg"
      ],
      "shortname": "ghost",
      "url": "https://ghost.org/",
      "tags": [
        "content management",
        "blogging platform"
      ],
      "categories": [
        "developers"
      ]
    },
    {
      "name": "Git",
      "files": [
        "git-icon.svg",
        "git.svg"
      ],
      "shortname": "git",
      "url": "https://git-scm.com/",
      "tags": [
        "version control"
      ],
      "categories": [
        "developers"
      ]
    },
    {
      "name": "Github",
      "files": [
        "github-icon.svg",
        "github.svg",
        "github-octocat.svg"
      ],
      "shortname": "github",
      "url": "https://github.com/",
      "tags": [
        "git",
        "code management",
        "issue tracker"
      ],
      "categories": [
        "developers"
      ]
    },
    {
      "name": "Gitlab",
      "files": [
        "gitlab.svg"
      ],
      "shortname": "gitlab",
      "url": "https://about.gitlab.com/",
      "tags": [
        "git",
        "code management",
        "continuous integration"
      ],
      "categories": [
        "developers"
      ]
    },
    {
      "name": "Glint",
      "files": [
        "glint.svg"
      ],
      "shortname": "glint",
      "url": "http://www.glintinc.com/",
      "tags": [
        "organization analysis"
      ],
      "categories": [
        "business"
      ]
    },
    {
      "name": "Google Cloud",
      "files": [
        "google-cloud.svg"
      ],
      "shortname": "google-cloud",
      "url": "https://cloud.google.com/",
      "tags": [
        "cloud computing",
        "PaaS"
      ],
      "categories": [
        "developers",
        "DevOps"
      ]
    },
    {
      "name": "Google Developers",
      "files": [
        "google-developers.svg"
      ],
      "shortname": "google-developers",
      "url": "https://developers.google.com/",
      "tags": [
        "reference"
      ],
      "categories": [
        "developers"
      ]
    },
    {
      "name": "Go",
      "files": [
        "gopher.svg"
      ],
      "shortname": "go",
      "url": "https://golang.org/",
      "tags": [
        "language"
      ],
      "categories": [
        "developers"
      ]
    },
    {
      "name": "Gradle",
      "files": [
        "gradle.svg"
      ],
      "shortname": "gradle",
      "url": "https://gradle.org/",
      "tags": [
        "java",
        "c",
        "build automation"
      ],
      "categories": [
        "developers"
      ],
      "converted": true
    },
    {
      "name": "Grails",
      "files": [
        "grails.svg"
      ],
      "shortname": "grails",
      "url": "https://grails.org/",
      "tags": [
        "java",
        "framework"
      ],
      "categories": [
        "developers"
      ]
    },
    {
      "name": "Grunt",
      "files": [
        "grunt.svg"
      ],
      "shortname": "grunt",
      "url": "http://gruntjs.com/",
      "tags": [
        "javascript",
        "node.js",
        "build automation"
      ],
      "categories": [
        "developers"
      ]
    },
    {
      "name": "Gulp",
      "files": [
        "gulp.svg"
      ],
      "shortname": "gulp",
      "url": "http://gulpjs.com/",
      "tags": [
        "javascript",
        "node.js",
        "build automation"
      ],
      "categories": [
        "developers"
      ]
    },
    {
      "name": "GWT",
      "files": [
        "gwt.svg"
      ],
      "shortname": "gwt",
      "url": "http://www.gwtproject.org/",
      "tags": [
        "java",
        "framework",
        "javascript"
      ],
      "categories": [
        "developers"
      ]
    },
    {
      "name": "hack",
      "files": [
        "hack.svg"
      ],
      "shortname": "hack",
      "url": "http://hacklang.org/",
      "tags": [
        "language",
        "php"
      ],
      "categories": [
        "developers"
      ],
      "converted": true
    },
    {
      "name": "Hadoop",
      "files": [
        "hadoop.svg"
      ],
      "shortname": "hadoop",
      "url": "http://hadoop.apache.org/",
      "tags": [
        "java",
        "framework",
        "storage"
      ],
      "categories": [
        "developers"
      ]
    },
    {
      "name": "Haml",
      "files": [
        "haml.svg"
      ],
      "shortname": "haml",
      "url": "http://haml.info/",
      "tags": [
        "html",
        "template",
        "preprocessor"
      ],
      "categories": [
        "developers"
      ]
    },
    {
      "name": "Handlebars",
      "files": [
        "handlebars.svg"
      ],
      "shortname": "handlebars",
      "url": "http://handlebarsjs.com/",
      "tags": [
        "html",
        "template"
      ],
      "categories": [
        "developers"
      ]
    },
    {
      "name": "hapi",
      "files": [
        "hapi.svg"
      ],
      "shortname": "hapi",
      "url": "http://hapijs.com/",
      "tags": [
        "node.js",
        "web application framework"
      ],
      "categories": [
        "developers"
      ]
    },
    {
      "name": "Harrow",
      "files": [
        "harrow.svg"
      ],
      "shortname": "harrow",
      "url": "https://www.harrow.io/",
      "tags": [
        "continuous integration",
        "capistrano"
      ],
      "categories": [
        "developers"
      ]
    },
    {
      "name": "Haskell",
      "files": [
        "haskell.svg"
      ],
      "shortname": "haskell",
      "url": "https://www.haskell.org/",
      "tags": [
        "language"
      ],
      "categories": [
        "developers"
      ]
    },
    {
      "name": "Haxe",
      "files": [
        "haxe.svg"
      ],
      "shortname": "haxe",
      "url": "http://haxe.org/",
      "tags": [
        "language",
        "toolkit"
      ],
      "categories": [
        "developers"
      ]
    },
    {
      "name": "Heroku",
      "files": [
        "heroku.svg"
      ],
      "shortname": "heroku",
      "url": "https://www.heroku.com/",
      "tags": [
        "cloud platform",
        "PaaS"
      ],
      "categories": [
        "developers",
        "DevOps"
      ]
    },
    {
      "name": "HHVM",
      "files": [
        "hhvm.svg"
      ],
      "shortname": "hhvm",
      "url": "http://hhvm.com/",
      "tags": [
        "php",
        "hack",
        "virtual machine"
      ],
      "categories": [
        "developers"
      ],
      "converted": true
    },
    {
      "name": "HipChat",
      "files": [
        "hipchat.svg"
      ],
      "shortname": "hipchat",
      "url": "https://www.hipchat.com/",
      "tags": [
        "team collaboration"
      ],
      "categories": [
        "teams"
      ]
    },
    {
      "name": "HTML5",
      "files": [
        "html-5.svg"
      ],
      "shortname": "html-5",
      "url": "http://www.w3.org/TR/html5/",
      "tags": [
        "language"
      ],
      "categories": [
        "developers"
      ]
    },
    {
      "name": "HTML5 Boilerplate",
      "files": [
        "html5-boilerplate.svg"
      ],
      "shortname": "html5-boilerplate",
      "url": "https://html5boilerplate.com/",
      "tags": [
        "html",
        "boilerplate"
      ],
      "categories": [
        "developers"
      ]
    },
    {
      "name": "Hubspot",
      "files": [
        "hubspot.svg"
      ],
      "shortname": "hubspot",
      "url": "http://www.hubspot.com/",
      "tags": [
        "inbound marketing"
      ],
      "categories": [
        "developers"
      ]
    },
    {
      "name": "IFTTT",
      "files": [
        "ifttt.svg"
      ],
      "shortname": "ifttt",
      "url": "https://ifttt.com/",
      "tags": [
        "service integration"
      ],
      "categories": [
        "developers"
      ]
    },
    {
      "name": "imagemin",
      "files": [
        "imagemin.svg"
      ],
      "shortname": "imagemin",
      "url": "https://github.com/imagemin/imagemin",
      "tags": [
        "image optimization"
      ],
      "categories": [
        "developers"
      ]
    },
    {
      "name": "import.io",
      "files": [
        "importio.svg"
      ],
      "shortname": "importio",
      "url": "https://import.io/",
      "tags": [
        "data scraping"
      ],
      "categories": [
        "developers"
      ]
    },
    {
      "name": "Infer",
      "files": [
        "infer.svg"
      ],
      "shortname": "infer",
      "url": "http://fbinfer.com/",
      "tags": [
        "static analysis",
        "java",
        "objective c",
        "c"
      ],
      "categories": [
        "developers"
      ],
      "converted": true
    },
    {
      "name": "Invision",
      "files": [
        "invision.svg"
      ],
      "shortname": "invision",
      "url": "http://www.invisionapp.com/",
      "tags": [
        "prototyping",
        "collaboration platform"
      ],
      "categories": [
        "designers"
      ]
    },
    {
      "name": "io.js",
      "files": [
        "io.svg"
      ],
      "shortname": "io",
      "url": "https://iojs.org/",
      "tags": [
        "javascript",
        "node.js",
        "back-end"
      ],
      "categories": [
        "developers"
      ],
      "converted": true
    },
    {
      "name": "Ionic",
      "files": [
        "ionic.svg"
      ],
      "shortname": "ionic",
      "url": "http://ionicframework.com/",
      "tags": [
        "javascript",
        "mobile app framework"
      ],
      "categories": [
        "developers"
      ]
    },
    {
      "name": "Iron.io",
      "files": [
        "iron.svg"
      ],
      "shortname": "iron",
      "url": "https://www.iron.io/",
      "tags": [
        "message queue",
        "task processor"
      ],
      "categories": [
        "developers",
        "DevOps"
      ]
    },
    {
      "name": "Jade",
      "files": [
        "jade.svg"
      ],
      "shortname": "jade",
      "url": "http://jade-lang.com/",
      "tags": [
        "template",
        "preprocessor"
      ],
      "categories": [
        "developers"
      ]
    },
    {
      "name": "Jasmine",
      "files": [
        "jasmine.svg"
      ],
      "shortname": "jasmine",
      "url": "http://jasmine.github.io/",
      "tags": [
        "bdd",
        "testing",
        "framework"
      ],
      "categories": [
        "developers"
      ]
    },
    {
      "name": "Java",
      "files": [
        "java.svg"
      ],
      "shortname": "java",
      "url": "https://www.java.com/",
      "tags": [
        "language"
      ],
      "categories": [
        "developers"
      ]
    },
    {
      "name": "javascript (JS)",
      "files": [
        "javascript.svg"
      ],
      "shortname": "javascript",
      "url": "https://developer.mozilla.org/en-US/docs/Web/JavaScript",
      "tags": [
        "language"
      ],
      "categories": [
        "developers"
      ]
    },
    {
      "name": "Jenkins",
      "files": [
        "jenkins.svg"
      ],
      "shortname": "jenkins",
      "url": "https://jenkins-ci.org/",
      "tags": [
        "continuous integration",
        "java"
      ],
      "categories": [
        "developers"
      ]
    },
    {
      "name": "JetBrains",
      "files": [
        "jetbrains.svg"
      ],
      "shortname": "jetbrains",
      "url": "https://www.jetbrains.com/",
      "tags": [
        "code editor",
        "IDE"
      ],
      "categories": [
        "developers"
      ]
    },
    {
      "name": "Jhipster",
      "files": [
        "jhipster.svg"
      ],
      "shortname": "jhipster",
      "url": "https://jhipster.github.io/",
      "tags": [
        "yeoman",
        "generator",
        "java",
        "spring",
        "angular"
      ],
      "categories": [
        "developers"
      ]
    },
    {
      "name": "JIRA",
      "files": [
        "jira.svg"
      ],
      "shortname": "jira",
      "url": "https://www.atlassian.com/software/jira",
      "tags": [
        "issue tracker"
      ],
      "categories": [
        "developers"
      ]
    },
    {
      "name": "Joomla",
      "files": [
        "joomla.svg"
      ],
      "shortname": "joomla",
      "url": "http://www.joomla.org/",
      "tags": [
        "content management",
        "php",
        "mysql"
      ],
      "categories": [
        "developers"
      ]
    },
    {
      "name": "jQuery",
      "files": [
        "jquery.svg"
      ],
      "shortname": "jquery",
      "url": "https://jquery.com/",
      "tags": [
        "javascript",
        "library"
      ],
      "categories": [
        "developers"
      ]
    },
    {
      "name": "jsbin",
      "files": [
        "jsbin.svg"
      ],
      "shortname": "jsbin",
      "url": "https://jsbin.com/",
      "tags": [
        "code playground"
      ],
      "categories": [
        "developers"
      ]
    },
    {
      "name": "JSCS",
      "files": [
        "jscs.svg"
      ],
      "shortname": "jscs",
      "url": "http://jscs.info/",
      "tags": [
        "linter",
        "javascript"
      ],
      "categories": [
        "developers"
      ]
    },
    {
      "name": "JSFiddle",
      "files": [
        "jsfiddle.svg"
      ],
      "shortname": "jsfiddle",
      "url": "https://jsfiddle.net/",
      "tags": [
        "playground",
        "code editor",
        "service"
      ],
      "categories": [
        "developers"
      ]
    },
    {
      "name": "JSON",
      "files": [
        "json.svg"
      ],
      "shortname": "json",
      "url": "http://json.org/",
      "tags": [
        "language"
      ],
      "categories": [
        "developers"
      ]
    },
    {
      "name": "JSPM",
      "files": [
        "jspm.svg"
      ],
      "shortname": "jspm",
      "url": "http://jspm.io/",
      "tags": [
        "javascript",
        "package manager"
      ],
      "categories": [
        "developers"
      ],
      "converted": true
    },
    {
      "name": "Karma",
      "files": [
        "karma.svg"
      ],
      "shortname": "karma",
      "url": "http://karma-runner.github.io/",
      "tags": [
        "tdd",
        "testing",
        "javascript"
      ],
      "categories": [
        "developers"
      ]
    },
    {
      "name": "Keen IO",
      "files": [
        "keen.svg"
      ],
      "shortname": "keen",
      "url": "http://keen.io/",
      "tags": [
        "customer data analytics",
        "service integration"
      ],
      "categories": [
        "developers"
      ]
    },
    {
      "name": "Kinvey",
      "files": [
        "kinvey.svg"
      ],
      "shortname": "kinvey",
      "url": "http://www.kinvey.com/",
      "tags": [
        "mBaaS"
      ],
      "categories": [
        "developers",
        "DevOps"
      ]
    },
    {
      "name": "kissmetrics",
      "files": [
        "kissmetrics.svg"
      ],
      "shortname": "kissmetrics",
      "url": "https://kissmetrics.com/",
      "tags": [
        "customer data analytics"
      ],
      "categories": [
        "developers"
      ]
    },
    {
      "name": "Kitematic",
      "files": [
        "kitematic.svg"
      ],
      "shortname": "kitematic",
      "url": "https://kitematic.com/",
      "tags": [
        "desktop app",
        "docker"
      ],
      "categories": [
        "developers",
        "DevOps"
      ],
      "converted": true
    },
    {
      "name": "Kraken",
      "files": [
        "kraken.svg"
      ],
      "shortname": "kraken",
      "url": "https://kraken.io/",
      "tags": [
        "image optimization"
      ],
      "categories": [
        "developers"
      ]
    },
    {
      "name": "Krakenjs",
      "files": [
        "krakenjs.svg"
      ],
      "shortname": "krakenjs",
      "url": "http://krakenjs.com/",
      "tags": [
        "node.js",
        "express",
        "library"
      ],
      "categories": [
        "developers"
      ]
    },
    {
      "name": "Laravel",
      "files": [
        "laravel.svg"
      ],
      "shortname": "laravel",
      "url": "http://laravel.com/",
      "tags": [
        "php",
        "framework"
      ],
      "categories": [
        "developers"
      ]
    },
    {
      "name": "Leafjet",
      "files": [
        "leafjet.svg"
      ],
      "shortname": "leafjet",
      "url": "http://leafletjs.com/",
      "tags": [
        "javascript",
        "library",
        "maps"
      ],
      "categories": [
        "developers"
      ]
    },
    {
      "name": "Less",
      "files": [
        "less.svg"
      ],
      "shortname": "less",
      "url": "http://lesscss.org/",
      "tags": [
        "css",
        "preprocessor"
      ],
      "categories": [
        "developers"
      ]
    },
    {
      "name": "loader",
      "files": [
        "loader.svg"
      ],
      "shortname": "loader",
      "url": "https://loader.io/",
      "tags": [
        "load testing"
      ],
      "categories": [
        "DevOps"
      ]
    },
    {
      "name": "Lodash",
      "files": [
        "lodash.svg"
      ],
      "shortname": "lodash",
      "url": "https://lodash.com/",
      "tags": [
        "javascript",
        "library"
      ],
      "categories": [
        "developers"
      ],
      "converted": true
    },
    {
      "name": "logentries",
      "files": [
        "logentries.svg"
      ],
      "shortname": "logentries",
      "url": "https://logentries.com/",
      "tags": [
        "log manager"
      ],
      "categories": [
        "developers",
        "DevOps"
      ]
    },
    {
      "name": "Loopback",
      "files": [
        "loopback.svg"
      ],
      "shortname": "loopback",
      "url": "http://loopback.io/",
      "tags": [
        "node.js",
        "API framework"
      ],
      "categories": [
        "developers"
      ]
    },
    {
      "name": "Lotus",
      "files": [
        "lotus.svg"
      ],
      "shortname": "lotus",
      "url": "http://lotusrb.org/",
      "tags": [
        "ruby",
        "web framework"
      ],
      "categories": [
        "developers"
      ]
    },
    {
      "name": "Lua",
      "files": [
        "lua.svg"
      ],
      "shortname": "lua",
      "url": "http://www.lua.org/",
      "tags": [
        "language"
      ],
      "categories": [
        "developers"
      ]
    },
    {
      "name": "Lucene",
      "files": [
        "lucene.svg"
      ],
      "shortname": "lucene",
      "url": "http://lucene.apache.org/",
      "tags": [
        "search engine"
      ],
      "categories": [
        "developers"
      ]
    },
    {
      "name": "Lucene.net",
      "files": [
        "lucene.net.svg"
      ],
      "shortname": "lucene.net",
      "url": "https://lucenenet.apache.org/",
      "tags": [
        "lucene",
        "search engine"
      ],
      "categories": [
        "developers"
      ]
    },
    {
      "name": "Magento",
      "files": [
        "magento.svg"
      ],
      "shortname": "magento",
      "url": "http://magento.com/",
      "tags": [
        "php",
        "e-commerce"
      ],
      "categories": [
        "developers"
      ]
    },
    {
      "name": "Mailchimp",
      "files": [
        "mailchimp-freddie.svg",
        "mailchimp.svg"
      ],
      "shortname": "mailchimp",
      "url": "http://mailchimp.com/",
      "tags": [
        "email marketing"
      ],
      "categories": [
        "developers"
      ]
    },
    {
      "name": "Mandrill",
      "files": [
        "mandrill-shield.svg",
        "mandrill.svg"
      ],
      "shortname": "mandrill",
      "url": "http://mandrill.com/",
      "tags": [
        "email delivery",
        "api"
      ],
      "categories": [
        "developers"
      ]
    },
    {
      "name": "MariaDB",
      "files": [
        "mariadb.svg"
      ],
      "shortname": "mariadb",
      "url": "https://mariadb.org/",
      "tags": [
        "database",
        "sql",
        "mysql"
      ],
      "categories": [
        "developers"
      ]
    },
    {
      "name": "Marionette.js",
      "files": [
        "marionette.svg"
      ],
      "shortname": "marionette",
      "url": "http://marionettejs.com/",
      "tags": [
        "javascript",
        "backbone",
        "framework"
      ],
      "categories": [
        "developers"
      ]
    },
    {
      "name": "Markdown",
      "files": [
        "markdown.svg"
      ],
      "shortname": "markdown",
      "url": "http://daringfireball.net/projects/markdown/",
      "tags": [
        "language"
      ],
      "categories": [
        "developers"
      ]
    },
    {
      "name": "Material UI",
      "files": [
        "material-ui.svg"
      ],
      "shortname": "material-ui",
      "url": "http://material-ui.com/",
      "tags": [
        "ui",
        "framework"
      ],
      "categories": [
        "developers"
      ]
    },
    {
      "name": "MDN",
      "files": [
        "mdn.svg"
      ],
      "shortname": "mdn",
      "url": "https://developer.mozilla.org/",
      "tags": [
        "reference"
      ],
      "categories": [
        "developers"
      ]
    },
    {
      "name": "Memcached",
      "files": [
        "memcached.svg"
      ],
      "shortname": "memcached",
      "url": "http://memcached.org/",
      "tags": [
        "object cache"
      ],
      "categories": [
        "developers"
      ]
    },
    {
      "name": "Mercurial",
      "files": [
        "mercurial.svg"
      ],
      "shortname": "mercurial",
      "url": "https://mercurial.selenic.com/",
      "tags": [
        "version control"
      ],
      "categories": [
        "developers"
      ]
    },
    {
      "name": "Meteor",
      "files": [
        "meteor-icon.svg",
        "meteor.svg"
      ],
      "shortname": "meteor",
      "url": "https://www.meteor.com/",
      "tags": [
        "javascript",
        "framework",
        "front-end"
      ],
      "categories": [
        "developers"
      ]
    },
    {
      "name": "Mithril",
      "files": [
        "mithril.svg"
      ],
      "shortname": "mithril",
      "url": "https://lhorie.github.io/mithril/",
      "tags": [
        "javascript",
        "framework",
        "front-end"
      ],
      "categories": [
        "developers"
      ],
      "converted": true
    },
    {
      "name": "Mixpanel",
      "files": [
        "mixpanel.svg"
      ],
      "shortname": "mixpanel",
      "url": "https://mixpanel.com/",
      "tags": [
        "customer data analytics",
        "SaaS"
      ],
      "categories": [
        "business"
      ]
    },
    {
      "name": "Mocha",
      "files": [
        "mocha.svg"
      ],
      "shortname": "mocha",
      "url": "http://mochajs.org/",
      "tags": [
        "bdd",
        "tdd",
        "testing"
      ],
      "categories": [
        "developers"
      ],
      "converted": true
    },
    {
      "name": "Modernizr",
      "files": [
        "modernizr.svg"
      ],
      "shortname": "modernizr",
      "url": "http://modernizr.com/",
      "tags": [
        "javascript",
        "library",
        "feature detection"
      ],
      "categories": [
        "developers"
      ]
    },
    {
      "name": "Moment.js",
      "files": [
        "momentjs.svg"
      ],
      "shortname": "momentjs",
      "url": "http://momentjs.com/",
      "tags": [
        "javascript",
        "library"
      ],
      "categories": [
        "developers"
      ]
    },
    {
      "name": "MooTools",
      "files": [
        "mootools.svg"
      ],
      "shortname": "mootools",
      "url": "http://mootools.net/",
      "tags": [
        "javascript",
        "library"
      ],
      "categories": [
        "developers"
      ]
    },
    {
      "name": "MongoDB",
      "files": [
        "mongodb.svg"
      ],
      "shortname": "mongodb",
      "url": "https://www.mongodb.org/",
      "tags": [
        "database",
        "nosql"
      ],
      "categories": [
        "developers"
      ]
    },
    {
      "name": "Mono",
      "files": [
        "mono.svg"
      ],
      "shortname": "mono",
      "url": "http://www.mono-project.com/",
      "tags": [
        ".net",
        "framework"
      ],
      "categories": [
        "developers"
      ]
    },
    {
      "name": "MySQL",
      "files": [
        "mysql.svg"
      ],
      "shortname": "mysql",
      "url": "http://dev.mysql.com/",
      "tags": [
        "database",
        "sql"
      ],
      "categories": [
        "developers"
      ]
    },
    {
      "name": "Myth",
      "files": [
        "myth.svg"
      ],
      "shortname": "myth",
      "url": "http://www.myth.io/",
      "tags": [
        "css",
        "preprocessor",
        "polyfill"
      ],
      "categories": [
        "developers"
      ]
    },
    {
      "name": "NativeScript",
      "files": [
        "nativescript.svg"
      ],
      "shortname": "nativescript",
      "url": "https://www.nativescript.org/",
      "tags": [
        
      ],
      "categories": [
        "developers"
      ]
    },
    {
      "name": "Neat",
      "files": [
        "neat.svg"
      ],
      "shortname": "neat",
      "url": "http://neat.bourbon.io/",
      "tags": [
        "sass",
        "bourbon",
        "library"
      ],
      "categories": [
        "developers"
      ]
    },
    {
      "name": "Neo4j",
      "files": [
        "neo4j.svg"
      ],
      "shortname": "neo4j",
      "url": "http://neo4j.com/",
      "tags": [
        "database",
        "graph database"
      ],
      "categories": [
        "developers"
      ]
    },
    {
      "name": "Neovim",
      "files": [
        "neovim.svg"
      ],
      "shortname": "neovim",
      "url": "http://neovim.io/",
      "tags": [
        "vim",
        "code editor"
      ],
      "categories": [
        "developers"
      ]
    },
    {
      "name": "Netbeans",
      "files": [
        "netbeans.svg"
      ],
      "shortname": "netbeans",
      "url": "https://netbeans.org/",
      "tags": [
        "code editor",
        "IDE"
      ],
      "categories": [
        "developers"
      ]
    },
    {
      "name": "New Relic",
      "files": [
        "new-relic.svg"
      ],
      "shortname": "new-relic",
      "url": "http://newrelic.com/",
      "tags": [
        "software analytics",
        "SaaS"
      ],
      "categories": [
        "developers",
        "DevOps"
      ]
    },
    {
      "name": "NGINX",
      "files": [
        "nginx.svg"
      ],
      "shortname": "nginx",
      "url": "https://www.nginx.com/",
      "tags": [
        "web server"
      ],
      "categories": [
        "developers"
      ]
    },
    {
      "name": "Nodejitsu",
      "files": [
        "nodejitsu.svg"
      ],
      "shortname": "nodejitsu",
      "url": "https://www.nodejitsu.com/",
      "tags": [
        "cloud platform",
        "PaaS"
      ],
      "categories": [
        "developers",
        "DevOps"
      ]
    },
    {
      "name": "Node.js",
      "files": [
        "nodejs-icon.svg",
        "nodejs.svg"
      ],
      "shortname": "nodejs",
      "url": "https://nodejs.org/",
      "tags": [
        "javascript",
        "back-end"
      ],
      "categories": [
        "developers"
      ]
    },
    {
      "name": "nodemon",
      "files": [
        "nodemon.svg"
      ],
      "shortname": "nodemon",
      "url": "http://nodemon.io/",
      "tags": [
        "node.js",
        "script runner"
      ],
      "categories": [
        "developers"
      ]
    },
    {
      "name": "Node-Sass",
      "files": [
        "node-sass.svg"
      ],
      "shortname": "node-sass",
      "url": "https://github.com/sass/node-sass",
      "tags": [
        "sass",
        "c",
        "library"
      ],
      "categories": [
        "developers"
      ]
    },
    {
      "name": "NPM",
      "files": [
        "npm.svg",
        "npm-2.svg"
      ],
      "shortname": "npm",
      "url": "https://www.npmjs.com/",
      "tags": [
        "javascript",
        "node.js",
        "package manager"
      ],
      "categories": [
        "developers"
      ]
    },
    {
      "name": "Nuclide",
      "files": [
        "nuclide.svg"
      ],
      "shortname": "nuclide",
      "url": "http://nuclide.io/",
      "tags": [
        "code editor",
        "IDE"
      ],
      "categories": [
        "developers"
      ],
      "converted": true
    },
    {
      "name": "NW.js a.k.a. Nodewebkit",
      "files": [
        "nodewebkit.svg"
      ],
      "shortname": "nwjs",
      "url": "http://nwjs.io/",
      "tags": [
        "desktop app framework"
      ],
      "categories": [
        "developers"
      ]
    },
    {
      "name": "OAuth",
      "files": [
        "oauth.svg"
      ],
      "shortname": "oauth",
      "url": "http://oauth.net/",
      "tags": [
        "authentication",
        "security"
      ],
      "categories": [
        "developers"
      ]
    },
    {
      "name": "Open Graph",
      "files": [
        "open-graph.svg"
      ],
      "shortname": "open-graph",
      "url": "http://ogp.me/",
      "tags": [
        "social sharing"
      ],
      "categories": [
        "developers"
      ]
    },
    {
      "name": "Open Source Hardware Association",
      "files": [
        "oshw.svg"
      ],
      "shortname": "oshw",
      "url": "http://www.oshwa.org/",
      "tags": [
        "hardware",
        "association"
      ],
      "categories": [
        "hackers"
      ]
    },
    {
      "name": "Open Source Initiative",
      "files": [
        "opensource.svg"
      ],
      "shortname": "opensource",
      "url": "http://opensource.org/",
      "tags": [
        "open source",
        "association"
      ],
      "categories": [
        "developers"
      ]
    },
    {
      "name": "OpenLayers",
      "files": [
        "openlayers.svg"
      ],
      "shortname": "openlayers",
      "url": "http://openlayers.org/",
      "tags": [
        "javascript",
        "library",
        "maps"
      ],
      "categories": [
        "developers"
      ]
    },
    {
      "name": "openstack",
      "files": [
        "openstack.svg"
      ],
      "shortname": "openstack",
      "url": "https://www.openstack.org/",
      "tags": [
        "cloud computing",
        "IaaS"
      ],
      "categories": [
        "developers",
        "DevOps"
      ],
      "converted": true
    },
    {
      "name": "Opsmatic",
      "files": [
        "opsmatic.svg"
      ],
      "shortname": "opsmatic",
      "url": "https://opsmatic.com/",
      "tags": [
        "software analytics"
      ],
      "categories": [
        "developers",
        "DevOps"
      ]
    },
    {
      "name": "Optimizely",
      "files": [
        "optimizely.svg"
      ],
      "shortname": "optimizely",
      "url": "https://www.optimizely.com/",
      "tags": [
        "a/b testing",
        "testing"
      ],
      "categories": [
        "developers"
      ]
    },
    {
      "name": "Panda",
      "files": [
        "panda.svg"
      ],
      "shortname": "panda",
      "url": "http://usepanda.com/",
      "tags": [
        "newsfeed reader"
      ],
      "categories": [
        "developers"
      ]
    },
    {
      "name": "Parse",
      "files": [
        "parse.svg"
      ],
      "shortname": "parse",
      "url": "https://parse.com/",
      "tags": [
        "mBaaS"
      ],
      "categories": [
        "developers",
        "DevOps"
      ]
    },
    {
      "name": "Passport",
      "files": [
        "passport.svg"
      ],
      "shortname": "passport",
      "url": "http://passportjs.org/",
      "tags": [
        "node.js",
        "authentication",
        "security"
      ],
      "categories": [
        "developers"
      ]
    },
    {
      "name": "Perl",
      "files": [
        "perl.svg"
      ],
      "shortname": "perl",
      "url": "https://www.perl.org/",
      "tags": [
        "language"
      ],
      "categories": [
        "developers"
      ]
    },
    {
      "name": "PhoneGap",
      "files": [
        "phonegap.svg",
        "phonegap-bot.svg"
      ],
      "shortname": "phonegap",
      "url": "http://phonegap.com/",
      "tags": [
        "javascript",
        "mobile app framework"
      ],
      "categories": [
        "developers"
      ]
    },
    {
      "name": "PHP",
      "files": [
        "php.svg"
      ],
      "shortname": "php",
      "url": "http://php.net/",
      "tags": [
        "language"
      ],
      "categories": [
        "developers"
      ]
    },
    {
      "name": "Pingdom",
      "files": [
        "pingdom.svg"
      ],
      "shortname": "pingdom",
      "url": "https://www.pingdom.com/",
      "tags": [
        "server monitoring"
      ],
      "categories": [
        "developers"
      ]
    },
    {
      "name": "Pixelapse",
      "files": [
        "pixelapse.svg"
      ],
      "shortname": "pixelapse",
      "url": "https://www.pixelapse.com/",
      "tags": [
        "version control",
        "layout",
        "ui"
      ],
      "categories": [
        "designers"
      ]
    },
    {
      "name": "Play",
      "files": [
        "play.svg"
      ],
      "shortname": "play",
      "url": "https://www.playframework.com/",
      "tags": [
        "java",
        "framework"
      ],
      "categories": [
        "developers"
      ]
    },
    {
      "name": "Podio",
      "files": [
        "podio.svg"
      ],
      "shortname": "podio",
      "url": "https://podio.com/",
      "tags": [
        "project manager"
      ],
      "categories": [
        "developers"
      ]
    },
    {
      "name": "Polymer",
      "files": [
        "polymer.svg"
      ],
      "shortname": "polymer",
      "url": "https://www.polymer-project.org/1.0/",
      "tags": [
        "components",
        "polyfill"
      ],
      "categories": [
        "developers"
      ]
    },
    {
      "name": "PostCSS",
      "files": [
        "postcss.svg"
      ],
      "shortname": "postcss",
      "url": "https://github.com/postcss/postcss",
      "tags": [
        "css",
        "preprocessor",
        "transformer"
      ],
      "categories": [
        "developers"
      ]
    },
    {
      "name": "PostgreSQL",
      "files": [
        "postgresql.svg"
      ],
      "shortname": "postgresql",
      "url": "http://www.postgresql.org/",
      "tags": [
        "database",
        "sql"
      ],
      "categories": [
        "developers"
      ]
    },
    {
      "name": "PouchDB",
      "files": [
        "pouchdb.svg"
      ],
      "shortname": "pouchdb",
      "url": "http://pouchdb.com/",
      "tags": [
        "database",
        "nosql",
        "javascript"
      ],
      "categories": [
        "developers"
      ]
    },
    {
      "name": "Precursor",
      "files": [
        "precursor.svg"
      ],
      "shortname": "precursor",
      "url": "https://precursorapp.com/",
      "tags": [
        "prototyping",
        "layout"
      ],
      "categories": [
        "designers"
      ]
    },
    {
      "name": "Product Hunt",
      "files": [
        "producthunt.svg"
      ],
      "shortname": "producthunt",
      "url": "http://www.producthunt.com/",
      "tags": [
        "social news"
      ],
      "categories": [
        "geeks"
      ]
    },
    {
      "name": "Producteev",
      "files": [
        "producteev.svg"
      ],
      "shortname": "producteev",
      "url": "https://www.producteev.com/",
      "tags": [
        "task manager"
      ],
      "categories": [
        "teams"
      ]
    },
    {
      "name": "Puppet",
      "files": [
        "puppet.svg"
      ],
      "shortname": "puppet",
      "url": "https://puppetlabs.com/",
      "tags": [
        "configuration management",
        "IaaS",
        "ruby"
      ],
      "categories": [
        "developers",
        "DevOps"
      ]
    },
    {
      "name": "Python",
      "files": [
        "python.svg"
      ],
      "shortname": "python",
      "url": "https://www.python.org/",
      "tags": [
        "language"
      ],
      "categories": [
        "developers"
      ]
    },
    {
      "name": "Q",
      "files": [
        "q.svg"
      ],
      "shortname": "q",
      "url": "https://github.com/kriskowal/q",
      "tags": [
        "node.js",
        "promises"
      ],
      "categories": [
        "developers"
      ]
    },
    {
      "name": "Rackspace",
      "files": [
        "rackspace.svg"
      ],
      "shortname": "rackspace",
      "url": "http://www.rackspace.com/",
      "tags": [
        "cloud computing",
        "IaaS"
      ],
      "categories": [
        "developers",
        "DevOps"
      ]
    },
    {
      "name": "Rails",
      "files": [
        "rails.svg"
      ],
      "shortname": "rails",
      "url": "http://rubyonrails.org/",
      "tags": [
        "ruby",
        "framework"
      ],
      "categories": [
        "developers"
      ]
    },
    {
      "name": "randomColor",
      "files": [
        "randomcolor.svg"
      ],
      "shortname": "randomcolor",
      "url": "http://llllll.li/randomColor/",
      "tags": [
        "javascript",
        "library"
      ],
      "categories": [
        "developers"
      ]
    },
    {
      "name": "Raphaël",
      "files": [
        "raphael.svg"
      ],
      "shortname": "raphael",
      "url": "http://raphaeljs.com/",
      "tags": [
        "javascript",
        "library",
        "svg"
      ],
      "categories": [
        "developers"
      ]
    },
    {
      "name": "Raspberry Pi",
      "files": [
        "raspberry-pi.svg"
      ],
      "shortname": "raspberry-pi",
      "url": "https://www.raspberrypi.org/",
      "tags": [
        "hardware"
      ],
      "categories": [
        "hackers"
      ]
    },
    {
      "name": "React",
      "files": [
        "react.svg"
      ],
      "shortname": "react",
      "url": "https://facebook.github.io/react/",
      "tags": [
        "javascript",
        "library",
        "front-end"
      ],
      "categories": [
        "developers"
      ]
    },
    {
      "name": "Reddit",
      "files": [
        "reddit.svg"
      ],
      "shortname": "reddit",
      "url": "https://www.reddit.com/",
      "tags": [
        "social news",
        "community"
      ],
      "categories": [
        "developers"
      ]
    },
    {
      "name": "Redis",
      "files": [
        "redis.svg"
      ],
      "shortname": "redis",
      "url": "http://redis.io/",
      "tags": [
        "database",
        "nosql"
      ],
      "categories": [
        "developers"
      ]
    },
    {
      "name": "RequireJS",
      "files": [
        "require.svg"
      ],
      "shortname": "require",
      "url": "http://requirejs.org/",
      "tags": [
        "javascript",
        "module loader"
      ],
      "categories": [
        "developers"
      ]
    },
    {
      "name": "Rest",
      "files": [
        "rest.svg"
      ],
      "shortname": "rest",
      "url": "http://www.w3.org/2001/sw/wiki/REST",
      "tags": [
        "architecture"
      ],
      "categories": [
        "developers"
      ]
    },
    {
      "name": "Riak",
      "files": [
        "riak.svg"
      ],
      "shortname": "riak",
      "url": "http://basho.com/products/#riak",
      "tags": [
        "database",
        "nosql",
        "storage"
      ],
      "categories": [
        "developers"
      ]
    },
    {
      "name": "RSA",
      "files": [
        "rsa.svg"
      ],
      "shortname": "rsa",
      "url": "http://www.emc.com/domains/rsa/index.htm",
      "tags": [
        "authentication",
        "security"
      ],
      "categories": [
        "developers",
        "DevOps"
      ]
    },
    {
      "name": "Ruby",
      "files": [
        "ruby.svg"
      ],
      "shortname": "ruby",
      "url": "https://www.ruby-lang.org/",
      "tags": [
        "language"
      ],
      "categories": [
        "developers"
      ]
    },
    {
      "name": "RubyGems",
      "files": [
        "rubygems.svg"
      ],
      "shortname": "rubygems",
      "url": "https://rubygems.org/",
      "tags": [
        "ruby",
        "package manager"
      ],
      "categories": [
        "developers"
      ]
    },
    {
      "name": "Rum",
      "files": [
        "rum.svg"
      ],
      "shortname": "rum",
      "url": "https://github.com/tonsky/rum",
      "tags": [
        "clojure",
        "clojureScript",
        "react",
        "framework"
      ],
      "categories": [
        "developers"
      ]
    },
    {
      "name": "runscope",
      "files": [
        "runscope.svg"
      ],
      "shortname": "runscope",
      "url": "https://www.runscope.com/",
      "tags": [
        "api monitoring"
      ],
      "categories": [
        "developers",
        "DevOps"
      ]
    },
    {
      "name": "Rust",
      "files": [
        "rust.svg"
      ],
      "shortname": "rust",
      "url": "http://www.rust-lang.org/",
      "tags": [
        "language"
      ],
      "categories": [
        "developers"
      ]
    },
    {
      "name": "Sails",
      "files": [
        "sails.svg"
      ],
      "shortname": "sails",
      "url": "http://sailsjs.org/",
      "tags": [
        "node.js",
        "web application framework"
      ],
      "categories": [
        "developers"
      ]
    },
    {
      "name": "SaltStack",
      "files": [
        "saltstack.svg"
      ],
      "shortname": "saltstack",
      "url": "http://saltstack.com/",
      "tags": [
        "configuration management",
        "python"
      ],
      "categories": [
        "developers",
        "DevOps"
      ]
    },
    {
      "name": "Sass",
      "files": [
        "sass.svg"
      ],
      "shortname": "sass",
      "url": "http://sass-lang.com/",
      "tags": [
        "css",
        "preprocessor"
      ],
      "categories": [
        "developers"
      ]
    },
    {
      "name": "Scala",
      "files": [
        "scala.svg"
      ],
      "shortname": "scala",
      "url": "http://www.scala-lang.org/",
      "tags": [
        "language"
      ],
      "categories": [
        "developers"
      ]
    },
    {
      "name": "Segment",
      "files": [
        "segment.svg"
      ],
      "shortname": "segment",
      "url": "https://segment.com/",
      "tags": [
        "customer data analytics",
        "service integration"
      ],
      "categories": [
        "developers"
      ]
    },
    {
      "name": "Semaphore",
      "files": [
        "semaphore.svg"
      ],
      "shortname": "semaphore",
      "url": "https://semaphoreci.com/",
      "tags": [
        "code deployment",
        "continuous integration"
      ],
      "categories": [
        "developers"
      ]
    },
    {
      "name": "Sentry",
      "files": [
        "sentry.svg"
      ],
      "shortname": "sentry",
      "url": "https://getsentry.com/welcome/",
      "tags": [
        "log manager"
      ],
      "categories": [
        "developers",
        "DevOps"
      ]
    },
    {
      "name": "Shields.io",
      "files": [
        "shields.svg"
      ],
      "shortname": "shields",
      "url": "http://shields.io/",
      "tags": [
        "badges"
      ],
      "categories": [
        "developers"
      ],
      "converted": true
    },
    {
      "name": "Sinatra",
      "files": [
        "sinatra.svg"
      ],
      "shortname": "sinatra",
      "url": "http://www.sinatrarb.com/",
      "tags": [
        "ruby",
        "web framework"
      ],
      "categories": [
        "developers"
      ]
    },
    {
      "name": "slack",
      "files": [
        "slack.svg"
      ],
      "shortname": "slack",
      "url": "https://slack.com/",
      "tags": [
        "team collaboration"
      ],
      "categories": [
        "teams"
      ]
    },
    {
      "name": "Snap.svg",
      "files": [
        "snap-svg.svg"
      ],
      "shortname": "snap-svg",
      "url": "http://snapsvg.io/",
      "tags": [
        "javascript",
        "library",
        "svg"
      ],
      "categories": [
        "developers"
      ]
    },
    {
      "name": "Socket.io",
      "files": [
        "socket.io.svg"
      ],
      "shortname": "socket.io",
      "url": "http://socket.io/",
      "tags": [
        "javascript",
        "real-time communication"
      ],
      "categories": [
        "developers"
      ]
    },
    {
      "name": "Solr",
      "files": [
        "solr.svg"
      ],
      "shortname": "solr",
      "url": "http://lucene.apache.org/solr/",
      "tags": [
        "search server",
        "lucene"
      ],
      "categories": [
        "developers"
      ]
    },
    {
      "name": "Spring",
      "files": [
        "spring.svg"
      ],
      "shortname": "spring",
      "url": "https://spring.io/",
      "tags": [
        "java",
        "framework"
      ],
      "categories": [
        "developers"
      ],
      "converted": true
    },
    {
      "name": "Stack Overflow",
      "files": [
        "stackoverflow.svg"
      ],
      "shortname": "stackoverflow",
      "url": "http://stackoverflow.com/",
      "tags": [
        "reference"
      ],
      "categories": [
        "developers"
      ]
    },
    {
      "name": "Stash",
      "files": [
        "stash.svg"
      ],
      "shortname": "stash",
      "url": "https://www.atlassian.com/software/stash",
      "tags": [
        "git",
        "code management"
      ],
      "categories": [
        "developers"
      ]
    },
    {
      "name": "StatusPage",
      "files": [
        "statuspage.svg"
      ],
      "shortname": "statuspage",
      "url": "https://www.statuspage.io/",
      "tags": [
        "server status"
      ],
      "categories": [
        "developers",
        "DevOps"
      ],
      "converted": true
    },
    {
      "name": "Steroids",
      "files": [
        "steroids.svg"
      ],
      "shortname": "steroids",
      "url": "http://www.appgyver.com/steroids",
      "tags": [
        "mobile app framework",
        "ionic",
        "cordova"
      ],
      "categories": [
        "developers"
      ]
    },
    {
      "name": "Struts",
      "files": [
        "struts.svg"
      ],
      "shortname": "struts",
      "url": "https://struts.apache.org/",
      "tags": [
        "java",
        "framework"
      ],
      "categories": [
        "developers"
      ]
    },
    {
      "name": "Stylus",
      "files": [
        "stylus.svg"
      ],
      "shortname": "stylus",
      "url": "https://learnboost.github.io/stylus/",
      "tags": [
        "css",
        "preprocessor"
      ],
      "categories": [
        "developers"
      ]
    },
    {
      "name": "Subversion",
      "files": [
        "subversion.svg"
      ],
      "shortname": "subversion",
      "url": "https://subversion.apache.org/",
      "tags": [
        "version control"
      ],
      "categories": [
        "developers"
      ]
    },
    {
      "name": "Supersonic",
      "files": [
        "supersonic.svg"
      ],
      "shortname": "supersonic",
      "url": "http://www.appgyver.com/supersonic",
      "tags": [
        "ui framework",
        "angular"
      ],
      "categories": [
        "developers"
      ]
    },
    {
      "name": "SVG",
      "files": [
        "svg.svg"
      ],
      "shortname": "svg",
      "url": "http://www.w3.org/Graphics/SVG/",
      "tags": [
        "language"
      ],
      "categories": [
        "developers"
      ]
    },
    {
      "name": "Swift",
      "files": [
        "swift.svg"
      ],
      "shortname": "swift",
      "url": "https://developer.apple.com/swift/",
      "tags": [
        "language",
        "javascript"
      ],
      "categories": [
        "developers"
      ]
    },
    {
      "name": "Symfony",
      "files": [
        "symfony.svg"
      ],
      "shortname": "symfony",
      "url": "https://symfony.com/",
      "tags": [
        "php",
        "framework"
      ],
      "categories": [
        "developers"
      ]
    },
    {
      "name": "TargetProcess",
      "files": [
        "targetprocess.svg"
      ],
      "shortname": "targetprocess",
      "url": "http://www.targetprocess.com/",
      "tags": [
        "project manager",
        "agile",
        "scrum",
        "kanban"
      ],
      "categories": [
        "teams"
      ]
    },
    {
      "name": "Taiga",
      "files": [
        "taiga.svg"
      ],
      "shortname": "taiga",
      "url": "https://taiga.io/",
      "tags": [
        "project manager",
        "agile",
        "scrum",
        "kanban"
      ],
      "categories": [
        "developers"
      ]
    },
    {
      "name": "TasteJS",
      "files": [
        "tastejs.svg"
      ],
      "shortname": "tastejs",
      "url": "http://tastejs.com/",
      "tags": [
        "todomvc",
        "reference"
      ],
      "categories": [
        "developers"
      ],
      "converted": true
    },
    {
      "name": "teamwork",
      "files": [
        "teamwork.svg"
      ],
      "shortname": "teamwork",
      "url": "https://www.teamwork.com/",
      "tags": [
        "project manager"
      ],
      "categories": [
        "teams"
      ]
    },
    {
      "name": "Todoist",
      "files": [
        "todoist.svg"
      ],
      "shortname": "todoist",
      "url": "https://en.todoist.com/",
      "tags": [
        "task manager"
      ],
      "categories": [
        "teams"
      ]
    },
    {
      "name": "TodoMVC",
      "files": [
        "todomvc.svg"
      ],
      "shortname": "todomvc",
      "url": "http://todomvc.com/",
      "tags": [
        "javascript",
        "reference",
        "tutorials"
      ],
      "categories": [
        "developers"
      ]
    },
    {
      "name": "Traackr",
      "files": [
        "traackr.svg"
      ],
      "shortname": "traackr",
      "url": "http://traackr.com/",
      "tags": [
        "social marketing"
      ],
      "categories": [
        "developers"
      ]
    },
    {
      "name": "Trac",
      "files": [
        "trac.svg"
      ],
      "shortname": "trac",
      "url": "http://trac.edgewall.org/",
      "tags": [
        "issue tracker"
      ],
      "categories": [
        "developers"
      ]
    },
    {
      "name": "Travis CI",
      "files": [
        "travis-ci-icon.svg",
        "travis-ci.svg"
      ],
      "shortname": "travis-ci",
      "url": "https://travis-ci.org/",
      "tags": [
        "continuous integration"
      ],
      "categories": [
        "developers"
      ]
    },
    {
      "name": "Trello",
      "files": [
        "trello.svg"
      ],
      "shortname": "trello",
      "url": "https://trello.com/",
      "tags": [
        "project manager"
      ],
      "categories": [
        "developers"
      ]
    },
    {
      "name": "Twilio",
      "files": [
        "twilio.svg"
      ],
      "shortname": "twilio",
      "url": "https://www.twilio.com/",
      "tags": [
        "cloud communication",
        "IaaS"
      ],
      "categories": [
        "developers",
        "DevOps"
      ]
    },
    {
      "name": "UnitJS",
      "files": [
        "unitjs.svg"
      ],
      "shortname": "unitjs",
      "url": "http://unitjs.com/",
      "tags": [
        "testing",
        "unit testing",
        "assertion",
        "bdd",
        "tdd"
      ],
      "categories": [
        "developers"
      ],
      "converted": true
    },
    {
      "name": "Unity",
      "files": [
        "unity.svg"
      ],
      "shortname": "unity",
      "url": "https://unity3d.com/",
      "tags": [
        "game engine",
        "c",
        "c++"
      ],
      "categories": [
        "developers"
      ]
    },
    {
      "name": "Vaadin",
      "files": [
        "vaadin.svg"
      ],
      "shortname": "vaadin",
      "url": "https://vaadin.com/",
      "tags": [
        "java",
        "framework"
      ],
      "categories": [
        "developers"
      ]
    },
    {
      "name": "Vagrant",
      "files": [
        "vagrant.svg"
      ],
      "shortname": "vagrant",
      "url": "https://www.vagrantup.com/",
      "tags": [
        "configuration management",
        "ruby"
      ],
      "categories": [
        "developers",
        "DevOps"
      ],
      "converted": true
    },
    {
      "name": "Vim",
      "files": [
        "vim.svg"
      ],
      "shortname": "vim",
      "url": "http://www.vim.org/",
      "tags": [
        "code editor"
      ],
      "categories": [
        "developers"
      ]
    },
    {
      "name": "Visual Studio",
      "files": [
        "visual-studio.svg"
      ],
      "shortname": "visual-studio",
      "url": "https://www.visualstudio.com/",
      "tags": [
        "code editor",
        "IDE"
      ],
      "categories": [
        "developers"
      ]
    },
    {
      "name": "Visual Website Optimizer",
      "files": [
        "visual_website_optimizer.svg"
      ],
      "shortname": "visual_website_optimizer",
      "url": "https://vwo.com/",
      "tags": [
        "a/b testing",
        "testing"
      ],
      "categories": [
        "developers"
      ]
    },
    {
      "name": "Vue.js",
      "files": [
        "vue.svg"
      ],
      "shortname": "vue",
      "url": "http://vuejs.org/",
      "tags": [
        "javascript",
        "library",
        "front-end"
      ],
      "categories": [
        "developers"
      ],
      "converted": true
    },
    {
      "name": "W3C",
      "files": [
        "w3c.svg"
      ],
      "shortname": "w3c",
      "url": "http://www.w3.org/",
      "tags": [
        "reference"
      ],
      "categories": [
        "developers"
      ]
    },
    {
      "name": "Waffle",
      "files": [
        "waffle.svg"
      ],
      "shortname": "waffle",
      "url": "https://waffle.io/",
      "tags": [
        "project manager"
      ],
      "categories": [
        "developers"
      ]
    },
    {
      "name": "WebComponents",
      "files": [
        "webcomponents.svg"
      ],
      "shortname": "webcomponents",
      "url": "http://webcomponents.org/",
      "tags": [
        "components",
        "shadow dom"
      ],
      "categories": [
        "developers"
      ]
    },
    {
      "name": "webhooks",
      "files": [
        "webhooks.svg"
      ],
      "shortname": "webhooks",
      "url": "http://www.webhooks.org/",
      "tags": [
        "architecture"
      ],
      "categories": [
        "developers"
      ]
    },
    {
      "name": "webpack",
      "files": [
        "webpack.svg"
      ],
      "shortname": "webpack",
      "url": "http://webpack.github.io/",
      "tags": [
        "javascript",
        "node.js",
        "task runner"
      ],
      "categories": [
        "developers"
      ],
      "converted": true
    },
    {
      "name": "WebPlatform",
      "files": [
        "webplatform.svg"
      ],
      "shortname": "webplatform",
      "url": "https://www.webplatform.org/",
      "tags": [
        "reference"
      ],
      "categories": [
        "developers"
      ],
      "converted": true
    },
    {
      "name": "Wercker",
      "files": [
        "wercker.svg"
      ],
      "shortname": "wercker",
      "url": "http://wercker.com/",
      "tags": [
        "code deployment",
        "content delivery",
        "docker"
      ],
      "categories": [
        "developers",
        "DevOps"
      ]
    },
    {
      "name": "Wicket",
      "files": [
        "wicket.svg"
      ],
      "shortname": "wicket",
      "url": "https://wicket.apache.org/",
      "tags": [
        "java",
        "framework"
      ],
      "categories": [
        "developers"
      ]
    },
    {
      "name": "Wordpress",
      "files": [
        "wordpress-icon.svg",
        "wordpress.svg"
      ],
      "shortname": "wordpress",
      "url": "https://wordpress.org/",
      "tags": [
        "content management"
      ],
      "categories": [
        "developers"
      ]
    },
    {
      "name": "YCombinator",
      "files": [
        "ycombinator.svg"
      ],
      "shortname": "ycombinator",
      "url": "http://www.ycombinator.com/",
      "tags": [
        "social news"
      ],
      "categories": [
        "developers"
      ]
    },
    {
      "name": "Yeoman",
      "files": [
        "yeoman.svg"
      ],
      "shortname": "yeoman",
      "url": "http://yeoman.io/",
      "tags": [
        "development stack"
      ],
      "categories": [
        "developers"
      ]
    },
    {
      "name": "YouTrack",
      "files": [
        "youtrack.svg"
      ],
      "shortname": "youtrack",
      "url": "https://www.jetbrains.com/youtrack/",
      "tags": [
        "project manager",
        "issue tracker",
        "agile",
        "scrum",
        "kanban"
      ],
      "categories": [
        "developers",
        "teams"
      ]
    },
    {
      "name": "Zapier",
      "files": [
        "zapier.svg"
      ],
      "shortname": "zapier",
      "url": "https://zapier.com/",
      "tags": [
        "service integration"
      ],
      "categories": [
        "developers"
      ]
    },
    {
      "name": "Zendesk",
      "files": [
        "zendesk.svg"
      ],
      "shortname": "zendesk",
      "url": "https://www.zendesk.com/",
      "tags": [
        "php",
        "customer service"
      ],
      "categories": [
        "business",
        "teams"
      ]
    },
    {
      "name": "Zenhub",
      "files": [
        "zenhub.svg"
      ],
      "shortname": "zenhub",
      "url": "https://www.zenhub.io/",
      "tags": [
        "project manager",
        "agile",
        "kanban"
      ],
      "categories": [
        "developers",
        "teams"
      ]
    }
  ]
}